UserID,TestMovieID
1,48
2,1917
3,2081
4,1954
5,1884
6,597
7,3107
8,3257
9,2294
10,2252
11,2076
12,3362
13,2822
14,1225
15,3510
16,2987
17,707
18,1683
19,1234
20,1371
21,2800
22,910
23,2119
24,2657
25,3745
26,1784
27,1204
28,2132
29,2550
30,3554
31,1958
32,1834
33,230
34,3257
35,1162
36,3639
37,1088
38,296
39,86
40,466
41,1643
42,2371
43,2858
44,2297
45,2473
46,3280
47,34
48,3051
49,2311
50,1544
51,1895
52,2706
53,581
54,3507
55,356
56,514
57,1242
58,519
59,3307
60,2583
61,3564
62,2939
63,541
64,3005
65,953
66,1961
67,902
68,2797
69,476
70,3793
71,2959
72,3418
73,3596
74,2583
75,2761
76,3513
77,2762
78,708
79,2126
80,590
81,260
82,474
83,2162
84,2858
85,3949
86,54
87,1215
88,2973
89,3740
90,1429
91,920
92,886
93,2404
94,3837
95,3147
96,1073
97,3334
98,296
99,2144
100,265
101,3841
102,2040
103,1556
104,2490
105,2115
106,3699
107,1147
108,3927
109,1028
110,3623
111,367
112,3706
113,3895
114,3095
115,611
116,2421
117,3785
118,1957
119,2719
120,1208
121,3751
122,1240
123,1352
124,3298
125,3948
126,2943
127,2871
128,2657
129,736
130,1101
131,930
132,345
133,3798
134,3783
135,2791
136,435
137,1391
138,47
139,3766
140,969
141,3469
142,2761
143,1721
144,1625
145,2337
146,3292
147,3513
148,3270
149,2248
150,2313
151,3618
152,1500
153,274
154,2948
155,3742
156,930
157,2019
158,1204
159,3793
160,3798
161,3039
162,552
163,1126
164,3916
165,3033
166,2186
167,2424
168,3755
169,1081
170,1204
171,164
172,3706
173,3192
174,2105
175,2725
176,3391
177,1097
178,3681
179,1580
180,3514
181,2329
182,47
183,1081
184,1073
185,1918
186,2701
187,1907
188,2600
189,3452
190,611
191,216
192,3949
193,1162
194,2012
195,1374
196,3546
197,2858
198,3785
199,2597
200,2599
201,3901
202,2083
203,2541
204,266
205,1617
206,1214
207,3354
208,2181
209,233
210,546
211,611
212,1729
213,1680
214,1410
215,356
216,1810
217,2302
218,3889
219,2763
220,2912
221,407
222,1466
223,364
224,3536
225,2291
226,1246
227,2693
228,3952
229,2839
230,3579
231,1974
232,2539
233,381
234,1401
235,1834
236,2985
237,2081
238,1061
239,58
240,1909
241,1112
242,3275
243,1968
244,1234
245,1018
246,1073
247,1097
248,3863
249,2580
250,3452
251,3916
252,2723
253,1929
254,3916
255,173
256,2105
257,1517
258,3198
259,3916
260,839
261,3705
262,1126
263,318
264,745
265,898
266,1704
267,1242
268,2411
269,2599
270,3897
271,1953
272,553
273,405
274,2640
275,2470
276,266
277,480
278,1984
279,3441
280,1307
281,2791
282,1438
283,2028
284,2701
285,1094
286,1619
287,3481
288,494
289,1785
290,11
291,3194
292,2858
293,3481
294,3255
295,608
296,2793
297,3578
298,2399
299,1240
300,292
301,466
302,3852
303,3536
304,3121
305,829
306,1097
307,457
308,691
309,3421
310,1541
311,457
312,73
313,3578
314,1907
315,277
316,1037
317,3471
318,3384
319,2926
320,804
321,1198
322,356
323,1226
324,1374
325,3408
326,2967
327,722
328,2835
329,3536
330,2019
331,517
332,164
333,3096
334,3176
335,2457
336,32
337,3471
338,3948
339,82
340,377
341,1214
342,788
343,2498
344,3793
345,1704
346,3252
347,531
348,3372
349,553
350,474
351,3159
352,427
353,3751
354,86
355,1449
356,2505
357,999
358,1204
359,2683
360,1197
361,3952
362,3785
363,3514
364,2248
365,2762
366,1007
367,920
368,2542
369,1888
370,3452
371,1080
372,3755
373,1617
374,1805
375,1961
376,1617
377,1209
378,3160
379,802
380,551
381,610
382,1057
383,1197
384,1610
385,3512
386,1240
387,1307
388,3308
389,3623
390,1985
391,1213
392,2912
393,3822
394,145
395,104
396,2805
397,2248
398,1645
399,3565
400,110
401,1246
402,3826
403,1036
404,3498
405,1695
406,474
407,1500
408,417
409,1735
410,2699
411,3916
412,3168
413,2384
414,527
415,2022
416,1617
417,2857
418,2571
419,3793
420,1073
421,3755
422,1527
423,3793
424,2581
425,1394
426,3268
427,3
428,2006
429,162
430,361
431,1259
432,3004
433,2875
434,1310
435,3175
436,405
437,3836
438,2596
439,3615
440,500
441,457
442,3948
443,1307
444,2966
445,1073
446,144
447,3751
448,2701
449,2657
450,3210
451,3753
452,169
453,3744
454,803
455,933
456,733
457,2167
458,3933
459,2763
460,2134
461,2819
462,3409
463,2683
464,2571
465,260
466,3097
467,318
468,110
469,1950
470,2092
471,172
472,3000
473,3793
474,2791
475,1194
476,2364
477,2422
478,1094
479,2470
480,3301
481,3504
482,3950
483,1265
484,2571
485,2243
486,3148
487,2054
488,1240
489,318
490,1608
491,356
492,2959
493,357
494,1882
495,924
496,2208
497,1097
498,923
499,261
500,3948
501,908
502,2028
503,1569
504,1783
505,1641
506,3565
507,1243
508,3142
509,640
510,1064
511,2763
512,350
513,1196
514,1965
515,509
516,3624
517,2794
518,1417
519,342
520,2243
521,373
522,2011
523,3740
524,3043
525,1903
526,3578
527,2706
528,3791
529,1095
530,1960
531,1422
532,2622
533,3448
534,1944
535,3114
536,1812
537,2336
538,1580
539,1920
540,3763
541,590
542,648
543,350
544,1019
545,3114
546,2874
547,1265
548,2900
549,3409
550,381
551,2506
552,110
553,2321
554,3948
555,2294
556,3033
557,164
558,589
559,2291
560,160
561,2161
562,1954
563,3190
564,3061
565,3555
566,2017
567,3543
568,349
569,3593
570,3948
571,1047
572,3616
573,1240
574,2599
575,592
576,1956
577,2917
578,2395
579,2890
580,2944
581,3809
582,42
583,2412
584,3952
585,3481
586,1276
587,2599
588,1449
589,996
590,2390
591,898
592,1218
593,3948
594,1958
595,3831
596,3173
597,2701
598,21
599,1247
600,3617
601,1090
602,2986
603,1586
604,3893
605,2987
606,1220
607,2959
608,3704
609,1259
610,3037
611,3826
612,144
613,32
614,1064
615,2396
616,1214
617,1086
618,2624
619,916
620,1390
621,3441
622,2289
623,3317
624,3844
625,3911
626,2905
627,1199
628,3751
629,343
630,1278
631,1031
632,379
633,373
634,1197
635,1243
636,3156
637,1379
638,3863
639,839
640,2762
641,265
642,608
643,3793
644,101
645,34
646,3811
647,1518
648,2612
649,365
650,3593
651,2531
652,1590
653,2396
654,3791
655,1511
656,1964
657,3117
658,1343
659,534
660,3513
661,1245
662,694
663,2903
664,1704
665,1529
666,2966
667,2143
668,1197
669,3827
670,1673
671,1090
672,1220
673,3150
674,1036
675,3578
676,3513
677,2583
678,2681
679,3702
680,2672
681,1230
682,1222
683,858
684,344
685,2770
686,3178
687,3206
688,1090
689,2986
690,3821
691,2173
692,3081
693,3916
694,111
695,1203
696,899
697,342
698,3629
699,965
700,2727
701,3948
702,88
703,1035
704,2987
705,1517
706,372
707,3005
708,3753
709,2061
710,3913
711,2947
712,328
713,3612
714,3616
715,595
716,2064
717,3566
718,1036
719,356
720,2006
721,1203
722,2359
723,1580
724,1792
725,1084
726,224
727,1682
728,2706
729,3176
730,1213
731,2297
732,3391
733,345
734,2713
735,3536
736,2791
737,3863
738,1758
739,2571
740,3354
741,2338
742,3745
743,2395
744,2762
745,3952
746,1792
747,1921
748,26
749,2185
750,1242
751,1965
752,1225
753,2617
754,377
755,924
756,2599
757,3705
758,62
759,3144
760,2427
761,1240
762,10
763,1036
764,2862
765,908
766,2918
767,3176
768,3911
769,1304
770,3359
771,1019
772,1862
773,2916
774,733
775,3511
776,1210
777,3081
778,1200
779,2906
780,2719
781,2572
782,3513
783,2141
784,2918
785,2196
786,379
787,608
788,442
789,2791
790,1240
791,3755
792,3070
793,1580
794,3317
795,3039
796,1772
797,933
798,1275
799,3626
800,410
801,3770
802,2354
803,653
804,3911
805,140
806,2966
807,2566
808,1358
809,216
810,1173
811,2571
812,3755
813,356
814,2396
815,2701
816,2150
817,2332
818,2353
819,1059
820,3745
821,3952
822,946
823,1797
824,21
825,2501
826,3910
827,1344
828,1541
829,2700
830,1994
831,1805
832,2706
833,2858
834,1088
835,1924
836,2092
837,34
838,2585
839,2873
840,1561
841,3901
842,3915
843,1245
844,1711
845,296
846,1221
847,1394
848,3882
849,3753
850,3327
851,1923
852,2302
853,3175
854,562
855,574
856,3911
857,2018
858,595
859,968
860,1350
861,3793
862,3862
863,3702
864,2248
865,3362
866,260
867,3745
868,2548
869,2042
870,1216
871,1623
872,899
873,3090
874,1333
875,3863
876,2583
877,3409
878,3785
879,969
880,1080
881,2797
882,2722
883,3325
884,1784
885,2985
886,3618
887,858
888,344
889,3713
890,3264
891,1676
892,1210
893,3858
894,3578
895,708
896,3797
897,1221
898,3359
899,3325
900,2070
901,1617
902,2070
903,3798
904,185
905,21
906,780
907,1247
908,527
909,3755
910,2017
911,2409
912,3751
913,2797
914,2391
915,1049
916,2312
917,2571
918,2828
919,3928
920,1372
921,3481
922,3949
923,247
924,914
925,1380
926,1032
927,3528
928,1245
929,1263
930,3317
931,2020
932,36
933,2059
934,922
935,2536
936,110
937,750
938,3565
939,2000
940,2763
941,3051
942,3515
943,3259
944,608
945,86
946,1204
947,3911
948,3190
949,2005
950,880
951,1223
952,3925
953,2877
954,1994
955,2012
956,1941
957,3095
958,1300
959,2686
960,2059
961,2770
962,3510
963,1124
964,364
965,1912
966,866
967,2506
968,1236
969,17
970,2338
971,1320
972,524
973,2414
974,2624
975,3755
976,2701
977,2231
978,2337
979,1581
980,780
981,357
982,2006
983,2408
984,3827
985,3948
986,3916
987,2599
988,3617
989,2018
990,357
991,955
992,150
993,3083
994,1277
995,236
996,3897
997,3578
998,2192
999,2504
1000,1104
1001,953
1002,1222
1003,337
1004,1266
1005,1466
1006,2762
1007,2858
1008,3948
1009,2599
1010,2133
1011,2005
1012,2000
1013,367
1014,1252
1015,2070
1016,3317
1017,12
1018,318
1019,12
1020,2193
1021,1950
1022,302
1023,3548
1024,222
1025,2987
1026,3570
1027,954
1028,3386
1029,2648
1030,3363
1031,3513
1032,1247
1033,2404
1034,1307
1035,2712
1036,926
1037,3564
1038,1643
1039,2716
1040,3629
1041,2599
1042,3438
1043,2000
1044,2354
1045,342
1046,3548
1047,2959
1048,3481
1049,34
1050,3513
1051,1333
1052,1066
1053,3771
1054,3189
1055,162
1056,380
1057,3617
1058,1244
1059,1082
1060,3864
1061,3744
1062,3863
1063,908
1064,3793
1065,46
1066,3269
1067,780
1068,1449
1069,3915
1070,216
1071,1537
1072,2791
1073,1217
1074,2529
1075,1228
1076,203
1077,3539
1078,369
1079,2881
1080,1682
1081,50
1082,780
1083,3450
1084,3020
1085,2371
1086,3129
1087,3524
1088,1186
1089,373
1090,2273
1091,89
1092,1381
1093,3755
1094,1653
1095,1307
1096,3897
1097,1617
1098,1230
1099,786
1100,2255
1101,1884
1102,2712
1103,1258
1104,2395
1105,3326
1106,2093
1107,3831
1108,3124
1109,3896
1110,3793
1111,3751
1112,247
1113,2551
1114,933
1115,1222
1116,3526
1117,1287
1118,2399
1119,2392
1120,3243
1121,3897
1122,1129
1123,303
1124,700
1125,2269
1126,303
1127,3700
1128,3142
1129,1198
1130,1951
1131,2904
1132,60
1133,1704
1134,2011
1135,1242
1136,3325
1137,3946
1138,1597
1139,3949
1140,2000
1141,933
1142,1213
1143,2949
1144,3555
1145,262
1146,427
1147,1080
1148,1136
1149,1104
1150,1082
1151,1221
1152,589
1153,3793
1154,3534
1155,562
1156,468
1157,2028
1158,318
1159,1591
1160,2714
1161,1207
1162,902
1163,3484
1164,2692
1165,2533
1166,1544
1167,2953
1168,2432
1169,1276
1170,3176
1171,3754
1172,2683
1173,1042
1174,3882
1175,64
1176,3489
1177,647
1178,3365
1179,1217
1180,1207
1181,522
1182,3435
1183,1376
1184,2408
1185,527
1186,2644
1187,3594
1188,480
1189,2108
1190,2006
1191,1947
1192,3911
1193,3753
1194,1290
1195,805
1196,1784
1197,1214
1198,1198
1199,1203
1200,3793
1201,1617
1202,1597
1203,3949
1204,420
1205,339
1206,1590
1207,2785
1208,3354
1209,3441
1210,21
1211,1097
1212,2605
1213,1219
1214,2013
1215,674
1216,3760
1217,3624
1218,2340
1219,3755
1220,3578
1221,2794
1222,1079
1223,223
1224,3319
1225,2948
1226,3902
1227,3854
1228,2725
1229,2712
1230,1394
1231,1769
1232,3261
1233,1240
1234,2291
1235,1888
1236,1200
1237,3386
1238,1959
1239,52
1240,3594
1241,3507
1242,1409
1243,2011
1244,2455
1245,2968
1246,2664
1247,3827
1248,350
1249,2968
1250,3910
1251,2987
1252,2130
1253,1794
1254,1888
1255,1073
1256,1358
1257,1288
1258,1213
1259,541
1260,999
1261,487
1262,3825
1263,3751
1264,3327
1265,1235
1266,1889
1267,3535
1268,3317
1269,2987
1270,3755
1271,673
1272,707
1273,3448
1274,670
1275,2944
1276,1243
1277,318
1278,2193
1279,272
1280,3793
1281,3897
1282,1394
1283,783
1284,3860
1285,3192
1286,2401
1287,3562
1288,3550
1289,1231
1290,648
1291,1127
1292,3578
1293,2390
1294,2193
1295,3578
1296,1225
1297,2122
1298,1274
1299,2023
1300,2060
1301,2333
1302,1644
1303,899
1304,1073
1305,3539
1306,2952
1307,1240
1308,3827
1309,3908
1310,1960
1311,1333
1312,2526
1313,3755
1314,169
1315,1269
1316,2792
1317,1962
1318,3753
1319,2724
1320,1244
1321,3408
1322,2455
1323,1230
1324,2019
1325,3952
1326,497
1327,1093
1328,517
1329,2539
1330,3508
1331,1962
1332,2791
1333,1370
1334,1079
1335,3949
1336,3952
1337,1015
1338,1240
1339,1249
1340,1754
1341,2974
1342,380
1343,3624
1344,1835
1345,372
1346,1219
1347,3756
1348,3147
1349,3753
1350,593
1351,2804
1352,2131
1353,1080
1354,3756
1355,1947
1356,1240
1357,1388
1358,745
1359,3175
1360,151
1361,421
1362,1949
1363,549
1364,1234
1365,2664
1366,1682
1367,3510
1368,1617
1369,3310
1370,3793
1371,3718
1372,3156
1373,3702
1374,2132
1375,1172
1376,3863
1377,1744
1378,3897
1379,2355
1380,1030
1381,3928
1382,3090
1383,111
1384,3751
1385,551
1386,3608
1387,780
1388,3408
1389,1758
1390,94
1391,3072
1392,2009
1393,2318
1394,3882
1395,3735
1396,2916
1397,1256
1398,3788
1399,1625
1400,1923
1401,36
1402,551
1403,3701
1404,3949
1405,1079
1406,2432
1407,3755
1408,1350
1409,1909
1410,1225
1411,3793
1412,1682
1413,1292
1414,1205
1415,3241
1416,2959
1417,3755
1418,809
1419,3534
1420,3948
1421,1357
1422,2966
1423,3160
1424,2600
1425,1983
1426,2502
1427,2005
1428,3
1429,661
1430,3754
1431,2948
1432,541
1433,704
1434,2634
1435,3173
1436,924
1437,1722
1438,2959
1439,541
1440,3354
1441,344
1442,616
1443,1244
1444,3273
1445,2318
1446,1235
1447,1615
1448,2392
1449,3578
1450,608
1451,2312
1452,3893
1453,2761
1454,1586
1455,1097
1456,2329
1457,3911
1458,1748
1459,514
1460,3786
1461,1625
1462,3354
1463,2396
1464,3654
1465,1928
1466,2735
1467,3745
1468,3578
1469,933
1470,52
1471,3173
1472,2081
1473,1017
1474,1288
1475,1777
1476,1242
1477,1212
1478,235
1479,3095
1480,3915
1481,1580
1482,903
1483,6
1484,461
1485,2918
1486,3176
1487,3409
1488,3836
1489,3950
1490,442
1491,2355
1492,288
1493,1500
1494,3081
1495,1592
1496,2291
1497,1552
1498,3527
1499,1367
1500,1442
1501,3751
1502,3884
1503,949
1504,1784
1505,2717
1506,539
1507,2355
1508,1792
1509,71
1510,2456
1511,2065
1512,2792
1513,930
1514,1200
1515,589
1516,3007
1517,551
1518,2968
1519,230
1520,3594
1521,350
1522,3704
1523,2985
1524,2640
1525,1235
1526,2171
1527,3911
1528,1968
1529,1377
1530,3627
1531,3457
1532,2686
1533,3189
1534,608
1535,1235
1536,1953
1537,3948
1538,3543
1539,1938
1540,2858
1541,1262
1542,3360
1543,2898
1544,2987
1545,2791
1546,3911
1547,919
1548,913
1549,70
1550,2336
1551,3503
1552,1135
1553,543
1554,377
1555,778
1556,1208
1557,2193
1558,1101
1559,2946
1560,2701
1561,1252
1562,1999
1563,3
1564,3764
1565,2502
1566,1221
1567,1942
1568,2761
1569,2028
1570,1748
1571,1734
1572,86
1573,3754
1574,1022
1575,3578
1576,28
1577,1097
1578,3753
1579,3707
1580,1947
1581,2171
1582,2710
1583,3920
1584,3760
1585,2463
1586,3683
1587,523
1588,3510
1589,611
1590,1302
1591,337
1592,3622
1593,2901
1594,3925
1595,1994
1596,3113
1597,627
1598,2450
1599,2858
1600,3606
1601,1769
1602,3481
1603,517
1604,2427
1605,443
1606,481
1607,515
1608,3793
1609,1957
1610,3527
1611,322
1612,3753
1613,3629
1614,1779
1615,3915
1616,1917
1617,39
1618,1945
1619,529
1620,1732
1621,3452
1622,2395
1623,2046
1624,2762
1625,541
1626,3509
1627,288
1628,2716
1629,380
1630,2053
1631,1923
1632,1230
1633,3578
1634,2059
1635,1693
1636,2324
1637,2986
1638,3457
1639,1197
1640,20
1641,551
1642,3672
1643,2726
1644,2028
1645,2162
1646,466
1647,1646
1648,3513
1649,920
1650,3481
1651,3512
1652,804
1653,3948
1654,2303
1655,3911
1656,3746
1657,1013
1658,1176
1659,344
1660,3281
1661,515
1662,2762
1663,3179
1664,1784
1665,2021
1666,2791
1667,360
1668,3095
1669,39
1670,1081
1671,1682
1672,2324
1673,2364
1674,1188
1675,2142
1676,3145
1677,3897
1678,648
1679,2791
1680,416
1681,1955
1682,16
1683,2716
1684,3824
1685,806
1686,2792
1687,2013
1688,1205
1689,1573
1690,3864
1691,1073
1692,1965
1693,2020
1694,3438
1695,2289
1696,3506
1697,2359
1698,2116
1699,2912
1700,3623
1701,1399
1702,2302
1703,2916
1704,3889
1705,3596
1706,3319
1707,2396
1708,541
1709,2555
1710,2594
1711,1760
1712,94
1713,3354
1714,2737
1715,2769
1716,3949
1717,2594
1718,1732
1719,1093
1720,1073
1721,3669
1722,3704
1723,2724
1724,2797
1725,1732
1726,3864
1727,3142
1728,1201
1729,3285
1730,1970
1731,1183
1732,2572
1733,3735
1734,1962
1735,387
1736,344
1737,240
1738,3793
1739,1952
1740,144
1741,708
1742,377
1743,3727
1744,11
1745,2701
1746,2926
1747,2174
1748,292
1749,3075
1750,2657
1751,3310
1752,3916
1753,1090
1754,413
1755,2161
1756,527
1757,2505
1758,3949
1759,3324
1760,553
1761,2699
1762,296
1763,2797
1764,50
1765,3064
1766,3354
1767,3357
1768,2520
1769,2987
1770,2088
1771,1376
1772,2716
1773,3753
1774,3623
1775,3703
1776,1608
1777,1219
1778,3798
1779,2672
1780,3129
1781,1126
1782,2987
1783,333
1784,2028
1785,1676
1786,3925
1787,50
1788,2021
1789,3901
1790,349
1791,3910
1792,2580
1793,20
1794,2019
1795,1270
1796,3549
1797,1094
1798,1092
1799,3747
1800,1907
1801,1544
1802,154
1803,1367
1804,3098
1805,1393
1806,2002
1807,2735
1808,1049
1809,3798
1810,1092
1811,2987
1812,2226
1813,58
1814,3927
1815,1924
1816,2020
1817,2916
1818,3753
1819,1967
1820,1222
1821,3435
1822,2908
1823,1784
1824,3825
1825,3256
1826,1394
1827,2804
1828,3173
1829,1089
1830,1580
1831,3007
1832,1183
1833,1732
1834,2797
1835,1088
1836,3617
1837,1212
1838,3301
1839,2002
1840,541
1841,1247
1842,86
1843,1073
1844,3192
1845,3481
1846,3911
1847,535
1848,1327
1849,1527
1850,2916
1851,1212
1852,3770
1853,2134
1854,1214
1855,1591
1856,3551
1857,1748
1858,2154
1859,1615
1860,1882
1861,2985
1862,3004
1863,858
1864,3893
1865,3719
1866,3535
1867,1206
1868,2467
1869,3471
1870,2915
1871,3552
1872,2936
1873,457
1874,2194
1875,1250
1876,1233
1877,3915
1878,367
1879,2921
1880,1016
1881,2431
1882,1635
1883,313
1884,3498
1885,1029
1886,3827
1887,2115
1888,1377
1889,2336
1890,161
1891,3753
1892,3002
1893,3753
1894,35
1895,1090
1896,1387
1897,916
1898,32
1899,3734
1900,86
1901,1271
1902,2315
1903,2012
1904,1721
1905,1084
1906,1035
1907,1219
1908,1914
1909,3897
1910,3616
1911,1270
1912,3832
1913,1028
1914,2700
1915,2981
1916,3559
1917,3725
1918,1914
1919,1992
1920,964
1921,3184
1922,506
1923,3908
1924,838
1925,697
1926,3182
1927,3911
1928,52
1929,2599
1930,2300
1931,2193
1932,1374
1933,3241
1934,2987
1935,3823
1936,3481
1937,1580
1938,2762
1939,1086
1940,2951
1941,1136
1942,314
1943,1649
1944,3565
1945,555
1946,1220
1947,1211
1948,1876
1949,3918
1950,1717
1951,3299
1952,3317
1953,3594
1954,3784
1955,356
1956,1266
1957,1096
1958,1566
1959,3241
1960,3755
1961,2527
1962,3897
1963,534
1964,3555
1965,3952
1966,1997
1967,2961
1968,2753
1969,877
1970,1230
1971,1028
1972,553
1973,480
1974,562
1975,3494
1976,1027
1977,3083
1978,593
1979,3354
1980,2579
1981,541
1982,2672
1983,3793
1984,886
1985,1438
1986,50
1987,3287
1988,3851
1989,648
1990,3006
1991,162
1992,3536
1993,2395
1994,3105
1995,3784
1996,3916
1997,3744
1998,1259
1999,906
2000,2496
2001,2672
2002,587
2003,1030
2004,3593
2005,2600
2006,901
2007,1797
2008,3770
2009,3298
2010,1601
2011,3160
2012,516
2013,2021
2014,2571
2015,163
2016,2532
2017,25
2018,3089
2019,3578
2020,3499
2021,316
2022,2067
2023,1827
2024,3399
2025,1127
2026,2478
2027,2771
2028,804
2029,339
2030,48
2031,1361
2032,2881
2033,3481
2034,2926
2035,2202
2036,1197
2037,2273
2038,906
2039,160
2040,190
2041,1902
2042,553
2043,3755
2044,11
2045,61
2046,529
2047,1449
2048,541
2049,945
2050,2146
2051,356
2052,2772
2053,858
2054,2871
2055,1346
2056,12
2057,3798
2058,969
2059,70
2060,1954
2061,3925
2062,3744
2063,166
2064,3929
2065,1285
2066,316
2067,2110
2068,2762
2069,2105
2070,1206
2071,2942
2072,2266
2073,2941
2074,588
2075,3752
2076,1230
2077,1097
2078,3868
2079,3735
2080,1213
2081,3160
2082,216
2083,265
2084,2390
2085,3052
2086,2987
2087,2792
2088,293
2089,2858
2090,1381
2091,2017
2092,3791
2093,3285
2094,2917
2095,2701
2096,1387
2097,1673
2098,3510
2099,3300
2100,32
2101,70
2102,3478
2103,3785
2104,296
2105,2706
2106,3568
2107,2688
2108,466
2109,3623
2110,2136
2111,154
2112,454
2113,1970
2114,423
2115,1923
2116,1556
2117,1234
2118,1968
2119,3717
2120,2770
2121,1219
2122,2881
2123,2154
2124,1999
2125,1487
2126,2985
2127,1438
2128,3753
2129,3882
2130,3926
2131,3617
2132,674
2133,3325
2134,2170
2135,2599
2136,3510
2137,2762
2138,546
2139,144
2140,2971
2141,2791
2142,3249
2143,3185
2144,1586
2145,2709
2146,349
2147,1064
2148,466
2149,2360
2150,2717
2151,3925
2152,1994
2153,1288
2154,1240
2155,1986
2156,3489
2157,709
2158,538
2159,2920
2160,3512
2161,3328
2162,3668
2163,671
2164,193
2165,3510
2166,1833
2167,3665
2168,1234
2169,1895
2170,1088
2171,2932
2172,2767
2173,2598
2174,380
2175,3873
2176,3362
2177,314
2178,3863
2179,835
2180,1012
2181,2145
2182,3861
2183,86
2184,2763
2185,1231
2186,3401
2187,2112
2188,3571
2189,3793
2190,457
2191,1396
2192,1037
2193,2617
2194,1377
2195,1297
2196,2918
2197,3565
2198,236
2199,1959
2200,519
2201,1019
2202,3301
2203,3393
2204,3878
2205,3897
2206,266
2207,3916
2208,3556
2209,3363
2210,3793
2211,3189
2212,3826
2213,266
2214,1191
2215,3527
2216,2690
2217,1544
2218,3273
2219,3189
2220,34
2221,300
2222,364
2223,2996
2224,1223
2225,3306
2226,1580
2227,1275
2228,1573
2229,3869
2230,92
2231,800
2232,3177
2233,3844
2234,1948
2235,1884
2236,3824
2237,249
2238,508
2239,527
2240,2291
2241,3850
2242,1280
2243,1704
2244,3507
2245,3484
2246,3897
2247,3713
2248,3424
2249,2294
2250,3745
2251,2053
2252,3928
2253,1009
2254,3763
2255,1294
2256,60
2257,151
2258,1449
2259,456
2260,1923
2261,86
2262,3916
2263,3608
2264,474
2265,2733
2266,318
2267,3360
2268,2253
2269,2369
2270,2012
2271,3578
2272,3798
2273,2987
2274,1240
2275,3897
2276,2985
2277,1777
2278,2702
2279,2862
2280,3100
2281,3538
2282,3863
2283,3176
2284,3527
2285,2169
2286,3
2287,1210
2288,1199
2289,1234
2290,1747
2291,1562
2292,1090
2293,266
2294,1183
2295,1200
2296,1066
2297,1127
2298,2399
2299,1591
2300,593
2301,3707
2302,1197
2303,3751
2304,2722
2305,2707
2306,1955
2307,3181
2308,2043
2309,281
2310,541
2311,1544
2312,1266
2313,2530
2314,3176
2315,1214
2316,3752
2317,799
2318,3801
2319,3510
2320,2574
2321,3717
2322,1271
2323,3732
2324,2000
2325,3793
2326,3785
2327,2683
2328,891
2329,1939
2330,3948
2331,1834
2332,1957
2333,344
2334,318
2335,969
2336,266
2337,2126
2338,2762
2339,1088
2340,3168
2341,2987
2342,3864
2343,3605
2344,224
2345,1250
2346,1917
2347,1097
2348,1687
2349,1246
2350,912
2351,1380
2352,1998
2353,144
2354,1200
2355,900
2356,1333
2357,3826
2358,2067
2359,2701
2360,1370
2361,3388
2362,1449
2363,1240
2364,1380
2365,2641
2366,1586
2367,2883
2368,2415
2369,2916
2370,1961
2371,168
2372,539
2373,930
2374,376
2375,70
2376,2303
2377,2000
2378,2433
2379,1961
2380,2114
2381,2333
2382,2019
2383,3719
2384,1259
2385,318
2386,377
2387,562
2388,2949
2389,319
2390,3916
2391,866
2392,2714
2393,2572
2394,1617
2395,555
2396,1357
2397,3461
2398,551
2399,1965
2400,1240
2401,1101
2402,2748
2403,2804
2404,1379
2405,2916
2406,1124
2407,1826
2408,2126
2409,594
2410,11
2411,2015
2412,3782
2413,3763
2414,1249
2415,3897
2416,3949
2417,2716
2418,351
2419,3556
2420,1127
2421,1953
2422,2918
2423,1219
2424,1466
2425,1299
2426,1957
2427,3146
2428,3255
2429,1598
2430,2000
2431,2194
2432,2763
2433,1694
2434,1210
2435,3868
2436,3173
2437,3355
2438,1132
2439,3922
2440,2976
2441,2338
2442,3602
2443,3500
2444,2846
2445,2748
2446,3317
2447,2735
2448,1210
2449,3871
2450,3255
2451,920
2452,1909
2453,2455
2454,2100
2455,1566
2456,2119
2457,223
2458,2792
2459,252
2460,2701
2461,648
2462,3911
2463,858
2464,1088
2465,3384
2466,1111
2467,2694
2468,2877
2469,1240
2470,367
2471,3368
2472,3176
2473,2531
2474,47
2475,2782
2476,3148
2477,1090
2478,911
2479,1645
2480,2033
2481,1923
2482,3753
2483,2706
2484,1970
2485,3566
2486,663
2487,2012
2488,3105
2489,1414
2490,538
2491,2470
2492,608
2493,1214
2494,1732
2495,3114
2496,1303
2497,1088
2498,383
2499,86
2500,2818
2501,3551
2502,2599
2503,2382
2504,930
2505,317
2506,3536
2507,2406
2508,2236
2509,2028
2510,60
2511,2248
2512,3668
2513,39
2514,3730
2515,2297
2516,852
2517,3579
2518,3018
2519,2173
2520,922
2521,1968
2522,2422
2523,2005
2524,1240
2525,1079
2526,2668
2527,2944
2528,2710
2529,3387
2530,2710
2531,2969
2532,3546
2533,2906
2534,2599
2535,3325
2536,195
2537,1396
2538,2115
2539,377
2540,196
2541,3705
2542,110
2543,457
2544,1963
2545,1242
2546,3555
2547,1036
2548,86
2549,590
2550,2951
2551,2502
2552,3704
2553,1047
2554,3160
2555,2023
2556,3629
2557,52
2558,2017
2559,1779
2560,838
2561,1304
2562,2033
2563,1393
2564,3754
2565,3512
2566,1951
2567,412
2568,1179
2569,1238
2570,1358
2571,1359
2572,2167
2573,3448
2574,2300
2575,1213
2576,1772
2577,3554
2578,377
2579,501
2580,2424
2581,905
2582,2128
2583,3578
2584,3594
2585,34
2586,3916
2587,1101
2588,2436
2589,3930
2590,3169
2591,1103
2592,2683
2593,628
2594,3555
2595,1374
2596,1367
2597,3347
2598,1250
2599,3034
2600,2433
2601,3196
2602,1233
2603,3753
2604,3181
2605,1754
2606,2302
2607,2321
2608,1089
2609,3316
2610,3189
2611,3745
2612,2391
2613,1265
2614,161
2615,3513
2616,1097
2617,339
2618,3
2619,1307
2620,3253
2621,364
2622,3445
2623,3189
2624,1228
2625,1388
2626,908
2627,2240
2628,1088
2629,2407
2630,86
2631,3730
2632,3893
2633,86
2634,3301
2635,1977
2636,150
2637,904
2638,2762
2639,3555
2640,3624
2641,3428
2642,3717
2643,3354
2644,3897
2645,2447
2646,3098
2647,2519
2648,2763
2649,32
2650,62
2651,2916
2652,2918
2653,1090
2654,3481
2655,3752
2656,3510
2657,2858
2658,1060
2659,2100
2660,236
2661,1445
2662,2176
2663,3744
2664,3173
2665,3419
2666,2797
2667,3108
2668,935
2669,3908
2670,515
2671,1148
2672,2708
2673,3863
2674,2575
2675,24
2676,1233
2677,1912
2678,2396
2679,1934
2680,86
2681,447
2682,2706
2683,2724
2684,1357
2685,3325
2686,2355
2687,555
2688,1654
2689,1246
2690,32
2691,2352
2692,371
2693,1006
2694,3301
2695,1278
2696,1711
2697,3793
2698,1965
2699,920
2700,3576
2701,1288
2702,1197
2703,3730
2704,1957
2705,1242
2706,17
2707,3893
2708,2600
2709,28
2710,3893
2711,1967
2712,2153
2713,1097
2714,266
2715,1376
2716,3498
2717,17
2718,2152
2719,3334
2720,991
2721,2406
2722,541
2723,2369
2724,3241
2725,3948
2726,1036
2727,1907
2728,3147
2729,592
2730,1307
2731,2133
2732,924
2733,1961
2734,3594
2735,2762
2736,1304
2737,3742
2738,613
2739,2762
2740,1586
2741,3534
2742,553
2743,102
2744,3328
2745,1378
2746,2671
2747,1093
2748,2600
2749,3317
2750,3424
2751,2301
2752,21
2753,3911
2754,2961
2755,2772
2756,2762
2757,2427
2758,2700
2759,527
2760,2763
2761,3869
2762,2763
2763,2571
2764,1136
2765,3168
2766,1220
2767,1909
2768,1227
2769,2043
2770,527
2771,423
2772,3408
2773,3578
2774,1371
2775,3584
2776,1912
2777,3398
2778,265
2779,3948
2780,2987
2781,1419
2782,1816
2783,2901
2784,1080
2785,1586
2786,1909
2787,3555
2788,2732
2789,112
2790,674
2791,1344
2792,104
2793,3705
2794,3555
2795,1050
2796,2125
2797,2644
2798,17
2799,2355
2800,3107
2801,2763
2802,2313
2803,1361
2804,587
2805,2670
2806,2762
2807,1136
2808,1200
2809,2411
2810,520
2811,2289
2812,500
2813,1211
2814,3864
2815,2761
2816,1201
2817,1199
2818,1665
2819,1090
2820,2976
2821,524
2822,3538
2823,1060
2824,3756
2825,1247
2826,322
2827,3210
2828,1288
2829,111
2830,2858
2831,2424
2832,2706
2833,2858
2834,2937
2835,2303
2836,2987
2837,2424
2838,527
2839,2701
2840,2812
2841,3858
2842,1200
2843,3846
2844,1089
2845,1379
2846,539
2847,2541
2848,2467
2849,2707
2850,1894
2851,3176
2852,3839
2853,608
2854,3744
2855,2683
2856,919
2857,2977
2858,3785
2859,3317
2860,2764
2861,3793
2862,1210
2863,3161
2864,2763
2865,3484
2866,1597
2867,3615
2868,1221
2869,1327
2870,1643
2871,2155
2872,2707
2873,1025
2874,1247
2875,2951
2876,1030
2877,3755
2878,317
2879,1089
2880,2361
2881,2931
2882,2268
2883,2174
2884,62
2885,3512
2886,1556
2887,662
2888,1126
2889,3148
2890,1882
2891,2987
2892,3479
2893,260
2894,466
2895,3949
2896,780
2897,3723
2898,2395
2899,2956
2900,1249
2901,2583
2902,2321
2903,1042
2904,2917
2905,1597
2906,2006
2907,924
2908,3917
2909,3715
2910,1975
2911,2676
2912,3005
2913,846
2914,1923
2915,1242
2916,432
2917,903
2918,3859
2919,1126
2920,3301
2921,1590
2922,849
2923,541
2924,595
2925,3578
2926,3438
2927,2366
2928,588
2929,1092
2930,1982
2931,2502
2932,1304
2933,3534
2934,343
2935,2333
2936,1032
2937,150
2938,107
2939,3911
2940,377
2941,586
2942,1942
2943,1204
2944,2069
2945,535
2946,3841
2947,1732
2948,3327
2949,3301
2950,2558
2951,1179
2952,3555
2953,2987
2954,2701
2955,3328
2956,2532
2957,2268
2958,3793
2959,3769
2960,2908
2961,3783
2962,2722
2963,36
2964,1198
2965,1196
2966,3408
2967,1938
2968,1620
2969,2539
2970,1500
2971,3181
2972,3752
2973,3798
2974,3396
2975,3359
2976,1732
2977,2714
2978,978
2979,2396
2980,2496
2981,296
2982,707
2983,353
2984,110
2985,2012
2986,2607
2987,1912
2988,3793
2989,1376
2990,2424
2991,3105
2992,3744
2993,1231
2994,2807
2995,50
2996,2168
2997,1299
2998,3512
2999,2162
3000,1307
3001,2006
3002,2174
3003,2006
3004,319
3005,1391
3006,3948
3007,3948
3008,2722
3009,3408
3010,2034
3011,1280
3012,3793
3013,1381
3014,508
3015,1733
3016,1266
3017,1814
3018,3897
3019,3812
3020,356
3021,1186
3022,380
3023,2770
3024,3173
3025,2020
3026,1503
3027,170
3028,3398
3029,3324
3030,2336
3031,3596
3032,416
3033,1960
3034,2770
3035,2000
3036,356
3037,1093
3038,2396
3039,2176
3040,1320
3041,1221
3042,3107
3043,3408
3044,849
3045,3266
3046,3553
3047,2985
3048,21
3049,534
3050,3148
3051,3556
3052,3826
3053,2747
3054,3210
3055,912
3056,527
3057,144
3058,1226
3059,1617
3060,3557
3061,1961
3062,1584
3063,1220
3064,2571
3065,3513
3066,1580
3067,1035
3068,1196
3069,3513
3070,2396
3071,43
3072,1455
3073,3363
3074,1511
3075,3948
3076,2006
3077,2311
3078,3741
3079,3083
3080,496
3081,482
3082,3784
3083,1021
3084,1090
3085,3257
3086,1059
3087,1092
3088,1088
3089,1233
3090,1035
3091,1931
3092,2664
3093,933
3094,2721
3095,3238
3096,2672
3097,296
3098,1204
3099,3555
3100,2396
3101,1243
3102,2762
3103,110
3104,589
3105,2313
3106,2165
3107,541
3108,368
3109,3948
3110,1280
3111,438
3112,3476
3113,1721
3114,3273
3115,1284
3116,3324
3117,1240
3118,307
3119,3827
3120,3176
3121,2701
3122,541
3123,2138
3124,3298
3125,1375
3126,2028
3127,2025
3128,3317
3129,10
3130,1200
3131,1206
3132,3535
3133,3821
3134,1748
3135,3083
3136,2396
3137,2600
3138,1271
3139,3148
3140,158
3141,2012
3142,2959
3143,2839
3144,3177
3145,3760
3146,1673
3147,1799
3148,2959
3149,3238
3150,1097
3151,1961
3152,2678
3153,2888
3154,30
3155,3471
3156,3827
3157,1729
3158,2648
3159,1729
3160,610
3161,1097
3162,1422
3163,1678
3164,3623
3165,260
3166,34
3167,714
3168,2763
3169,3418
3170,3552
3171,2203
3172,2355
3173,29
3174,3578
3175,3317
3176,3299
3177,3751
3178,3751
3179,3324
3180,86
3181,904
3182,110
3183,1073
3184,1060
3185,1235
3186,1769
3187,1193
3188,608
3189,170
3190,1407
3191,3326
3192,555
3193,2448
3194,480
3195,2871
3196,3484
3197,3770
3198,903
3199,3889
3200,1252
3201,288
3202,3623
3203,3500
3204,318
3205,270
3206,86
3207,2391
3208,296
3209,3755
3210,3578
3211,3538
3212,2959
3213,1231
3214,2388
3215,3791
3216,2745
3217,1735
3218,3114
3219,3743
3220,3545
3221,2391
3222,110
3223,1719
3224,1295
3225,549
3226,1376
3227,830
3228,2763
3229,3746
3230,3593
3231,2406
3232,367
3233,3365
3234,908
3235,3798
3236,2918
3237,1243
3238,3755
3239,527
3240,2336
3241,1203
3242,1278
3243,2906
3244,2959
3245,3511
3246,3705
3247,349
3248,2968
3249,2490
3250,1914
3251,1224
3252,2987
3253,2106
3254,1270
3255,252
3256,1240
3257,3357
3258,3526
3259,2692
3260,1610
3261,3948
3262,1517
3263,3704
3264,3753
3265,3535
3266,1354
3267,1732
3268,1036
3269,1222
3270,3363
3271,2389
3272,2756
3273,923
3274,2617
3275,2300
3276,2321
3277,2791
3278,1066
3279,316
3280,2023
3281,47
3282,926
3283,2504
3284,457
3285,2819
3286,2135
3287,1084
3288,3788
3289,1586
3290,3766
3291,1719
3292,1205
3293,2707
3294,1644
3295,587
3296,2763
3297,1275
3298,3785
3299,3182
3300,208
3301,3706
3302,32
3303,1270
3304,2135
3305,2324
3306,1674
3307,1092
3308,1960
3309,1393
3310,1732
3311,2835
3312,3317
3313,949
3314,1225
3315,1895
3316,47
3317,2330
3318,25
3319,3449
3320,2902
3321,2011
3322,39
3323,2997
3324,3033
3325,3534
3326,3893
3327,3948
3328,64
3329,1240
3330,527
3331,3273
3332,2692
3333,1136
3334,1183
3335,1060
3336,3175
3337,3744
3338,3175
3339,2599
3340,3510
3341,1393
3342,2701
3343,3798
3344,1719
3345,2372
3346,1028
3347,1784
3348,3501
3349,3176
3350,1208
3351,2713
3352,3344
3353,3507
3354,3702
3355,3513
3356,2193
3357,2114
3358,1527
3359,1276
3360,353
3361,1616
3362,2805
3363,1206
3364,3787
3365,118
3366,1242
3367,1211
3368,1722
3369,3210
3370,1600
3371,2640
3372,1317
3373,511
3374,3802
3375,3324
3376,2908
3377,2113
3378,1079
3379,2763
3380,3524
3381,1077
3382,351
3383,1214
3384,1221
3385,1587
3386,3752
3387,562
3388,2000
3389,1674
3390,3813
3391,3301
3392,1213
3393,383
3394,47
3395,3146
3396,3793
3397,34
3398,3618
3399,3578
3400,3468
3401,3682
3402,2124
3403,1025
3404,455
3405,509
3406,1246
3407,3871
3408,3074
3409,353
3410,1197
3411,3175
3412,1210
3413,3135
3414,3273
3415,2115
3416,3864
3417,1233
3418,2941
3419,2642
3420,3536
3421,150
3422,2819
3423,380
3424,3510
3425,3182
3426,1204
3427,161
3428,2183
3429,1041
3430,2943
3431,1183
3432,3869
3433,2167
3434,2959
3435,2019
3436,547
3437,3831
3438,2959
3439,3033
3440,1466
3441,919
3442,2712
3443,3435
3444,518
3445,1419
3446,3727
3447,733
3448,145
3449,2985
3450,1754
3451,16
3452,2427
3453,2293
3454,3879
3455,1484
3456,3703
3457,215
3458,3156
3459,3578
3460,2571
3461,1197
3462,1078
3463,1240
3464,1222
3465,367
3466,800
3467,1240
3468,2010
3469,2401
3470,289
3471,3275
3472,1285
3473,3747
3474,3006
3475,2396
3476,760
3477,3599
3478,1219
3479,592
3480,3793
3481,1278
3482,2371
3483,3649
3484,141
3485,1927
3486,1367
3487,1944
3488,173
3489,583
3490,940
3491,73
3492,3948
3493,3766
3494,2987
3495,2572
3496,11
3497,1244
3498,367
3499,2401
3500,1234
3501,931
3502,2268
3503,2862
3504,922
3505,357
3506,1639
3507,3385
3508,1205
3509,292
3510,3052
3511,3733
3512,1204
3513,3301
3514,1952
3515,529
3516,3871
3517,368
3518,1186
3519,2436
3520,627
3521,3783
3522,2548
3523,1234
3524,3565
3525,332
3526,3564
3527,1
3528,1981
3529,24
3530,1374
3531,3615
3532,2858
3533,553
3534,2020
3535,2947
3536,3082
3537,216
3538,2702
3539,3590
3540,3316
3541,1245
3542,3743
3543,1219
3544,1721
3545,1865
3546,3533
3547,3949
3548,3785
3549,440
3550,2329
3551,1393
3552,3174
3553,208
3554,3676
3555,516
3556,2396
3557,3174
3558,2231
3559,377
3560,3098
3561,1371
3562,838
3563,2371
3564,1676
3565,3476
3566,2865
3567,1222
3568,512
3569,3355
3570,3435
3571,374
3572,805
3573,329
3574,1207
3575,1690
3576,1302
3577,105
3578,2915
3579,2115
3580,2006
3581,2012
3582,2642
3583,3155
3584,2568
3585,497
3586,3675
3587,1201
3588,1957
3589,2762
3590,1248
3591,1225
3592,2310
3593,1285
3594,546
3595,2770
3596,206
3597,1460
3598,3729
3599,1827
3600,3784
3601,1200
3602,1589
3603,2428
3604,551
3605,541
3606,2858
3607,3269
3608,1911
3609,2953
3610,2617
3611,3324
3612,3181
3613,3735
3614,318
3615,1080
3616,2985
3617,1231
3618,317
3619,3481
3620,2706
3621,1500
3622,2949
3623,1344
3624,3510
3625,216
3626,1266
3627,3055
3628,2882
3629,1231
3630,1997
3631,163
3632,3082
3633,2944
3634,3555
3635,892
3636,3499
3637,3793
3638,1216
3639,3614
3640,3744
3641,3555
3642,1220
3643,3624
3644,47
3645,3700
3646,1219
3647,367
3648,88
3649,2000
3650,3742
3651,2706
3652,3905
3653,1246
3654,1500
3655,50
3656,3156
3657,1552
3658,1261
3659,2571
3660,1019
3661,1334
3662,2784
3663,2409
3664,1247
3665,2502
3666,110
3667,1104
3668,1235
3669,3408
3670,1197
3671,95
3672,3175
3673,223
3674,2194
3675,3688
3676,1148
3677,3285
3678,3301
3679,2372
3680,3068
3681,3948
3682,2064
3683,3783
3684,527
3685,2617
3686,3421
3687,2944
3688,3618
3689,95
3690,319
3691,1792
3692,1347
3693,468
3694,2355
3695,1393
3696,3508
3697,1009
3698,2872
3699,898
3700,100
3701,527
3702,3108
3703,2002
3704,265
3705,2414
3706,2942
3707,2389
3708,370
3709,2389
3710,325
3711,1240
3712,780
3713,367
3714,482
3715,1760
3716,1961
3717,3911
3718,1617
3719,2714
3720,370
3721,3653
3722,2517
3723,1663
3724,165
3725,2959
3726,2687
3727,2990
3728,6
3729,3916
3730,3771
3731,3342
3732,348
3733,3950
3734,3623
3735,2987
3736,2762
3737,1895
3738,1234
3739,3176
3740,2231
3741,592
3742,2987
3743,2028
3744,34
3745,195
3746,2916
3747,3113
3748,2000
3749,2249
3750,1941
3751,1608
3752,2571
3753,3869
3754,2792
3755,1213
3756,13
3757,2034
3758,2761
3759,919
3760,3552
3761,2643
3762,1213
3763,2174
3764,1956
3765,1304
3766,1410
3767,2396
3768,3000
3769,2017
3770,368
3771,3864
3772,1200
3773,2375
3774,1233
3775,1220
3776,2301
3777,1569
3778,1061
3779,1059
3780,272
3781,1480
3782,2710
3783,34
3784,1358
3785,86
3786,2712
3787,3786
3788,3753
3789,3079
3790,3617
3791,2996
3792,1810
3793,2169
3794,3793
3795,2585
3796,3813
3797,1073
3798,1912
3799,3157
3800,2517
3801,2516
3802,1203
3803,1863
3804,1080
3805,2916
3806,2516
3807,3441
3808,2193
3809,3763
3810,3753
3811,2366
3812,2710
3813,2501
3814,1587
3815,379
3816,3624
3817,517
3818,1222
3819,1214
3820,316
3821,2184
3822,1247
3823,2531
3824,724
3825,996
3826,1191
3827,1049
3828,2662
3829,1179
3830,3146
3831,2245
3832,2020
3833,1234
3834,3897
3835,1095
3836,431
3837,2011
3838,3825
3839,3802
3840,141
3841,2485
3842,2163
3843,1101
3844,1992
3845,150
3846,1958
3847,47
3848,2457
3849,1544
3850,434
3851,3250
3852,745
3853,32
3854,1097
3855,1092
3856,3812
3857,1777
3858,3157
3859,1626
3860,3767
3861,1411
3862,2324
3863,2628
3864,3088
3865,1088
3866,2683
3867,3147
3868,1479
3869,1031
3870,3578
3871,2997
3872,2028
3873,34
3874,2028
3875,3793
3876,1094
3877,1230
3878,2915
3879,2355
3880,1196
3881,69
3882,3104
3883,34
3884,2712
3885,157
3886,1240
3887,407
3888,1179
3889,1594
3890,457
3891,1962
3892,520
3893,3743
3894,3897
3895,3108
3896,1591
3897,2245
3898,2951
3899,2987
3900,3273
3901,1060
3902,2643
3903,3689
3904,2683
3905,21
3906,2001
3907,2805
3908,3317
3909,2694
3910,1952
3911,1032
3912,318
3913,1438
3914,3555
3915,2716
3916,3911
3917,21
3918,2734
3919,2993
3920,316
3921,3578
3922,2716
3923,2968
3924,2889
3925,3177
3926,2587
3927,1580
3928,1233
3929,196
3930,2478
3931,3871
3932,2968
3933,2804
3934,2184
3935,1848
3936,1914
3937,1127
3938,3747
3939,2000
3940,2259
3941,316
3942,29
3943,3145
3944,1246
3945,2424
3946,3408
3947,2193
3948,1057
3949,3806
3950,552
3951,546
3952,1441
3953,3039
3954,3354
3955,502
3956,3627
3957,2335
3958,1923
3959,3719
3960,1393
3961,1304
3962,1996
3963,1353
3964,628
3965,3173
3966,1378
3967,2445
3968,2023
3969,3324
3970,3882
3971,2057
3972,2861
3973,2302
3974,1238
3975,3785
3976,1265
3977,318
3978,2132
3979,2040
3980,2113
3981,913
3982,1307
3983,3765
3984,2662
3985,1961
3986,516
3987,3617
3988,2950
3989,307
3990,3807
3991,2959
3992,1674
3993,3868
3994,3809
3995,2012
3996,3793
3997,1626
3998,1252
3999,3249
4000,2916
4001,3185
4002,3484
4003,3785
4004,546
4005,3906
4006,1663
4007,3896
4008,3510
4009,1983
4010,2987
4011,1120
4012,3510
4013,2100
4014,1389
4015,2000
4016,3793
4017,3177
4018,95
4019,1230
4020,1391
4021,2555
4022,247
4023,3763
4024,16
4025,3912
4026,273
4027,2594
4028,2371
4029,2969
4030,2529
4031,2003
4032,303
4033,3868
4034,1090
4035,2335
4036,527
4037,1256
4038,1097
4039,3744
4040,3459
4041,3843
4042,3911
4043,1584
4044,2714
4045,3769
4046,2571
4047,1729
4048,416
4049,438
4050,2949
4051,2898
4052,223
4053,594
4054,1804
4055,1515
4056,3745
4057,2753
4058,2539
4059,3176
4060,3471
4061,3769
4062,1748
4063,3717
4064,3555
4065,1077
4066,1089
4067,3793
4068,2987
4069,2431
4070,349
4071,3301
4072,1092
4073,3062
4074,1258
4075,3114
4076,1476
4077,2355
4078,2792
4079,3035
4080,2921
4081,2915
4082,1223
4083,3708
4084,3911
4085,2318
4086,3608
4087,2600
4088,3791
4089,3471
4090,2302
4091,2474
4092,348
4093,3508
4094,3916
4095,3879
4096,1347
4097,1079
4098,1375
4099,1247
4100,2002
4101,3511
4102,1655
4103,1884
4104,608
4105,2809
4106,1348
4107,2014
4108,954
4109,2968
4110,1207
4111,3578
4112,2571
4113,3846
4114,1960
4115,2384
4116,1220
4117,1320
4118,364
4119,3189
4120,2707
4121,1320
4122,2952
4123,47
4124,2549
4125,2130
4126,1378
4127,317
4128,2019
4129,2019
4130,153
4131,86
4132,2353
4133,1015
4134,1964
4135,3798
4136,3578
4137,1267
4138,2406
4139,3535
4140,64
4141,1552
4142,1214
4143,2000
4144,2020
4145,2701
4146,1094
4147,1831
4148,3812
4149,261
4150,354
4151,2889
4152,904
4153,1839
4154,3755
4155,920
4156,2427
4157,1587
4158,1900
4159,553
4160,3659
4161,2487
4162,282
4163,2987
4164,1302
4165,2596
4166,1081
4167,1333
4168,369
4169,1548
4170,381
4171,3114
4172,3174
4173,1722
4174,3703
4175,3769
4176,1077
4177,2746
4178,915
4179,1704
4180,3285
4181,2169
4182,1240
4183,3802
4184,3785
4185,2613
4186,2032
4187,3185
4188,126
4189,1617
4190,587
4191,3897
4192,3809
4193,1841
4194,2770
4195,3156
4196,1084
4197,2688
4198,407
4199,1500
4200,3704
4201,3623
4202,3793
4203,2889
4204,2524
4205,317
4206,1269
4207,3623
4208,2671
4209,2716
4210,3401
4211,3769
4212,2710
4213,2699
4214,2997
4215,1295
4216,2001
4217,3948
4218,3299
4219,1304
4220,988
4221,1095
4222,592
4223,3831
4224,1541
4225,3081
4226,2243
4227,2344
4228,593
4229,2504
4230,3755
4231,2420
4232,2987
4233,377
4234,2699
4235,3754
4236,1623
4237,104
4238,176
4239,1396
4240,2414
4241,541
4242,237
4243,2135
4244,2987
4245,2628
4246,3841
4247,2643
4248,466
4249,3705
4250,1410
4251,350
4252,3257
4253,2391
4254,2000
4255,3643
4256,1080
4257,3301
4258,2043
4259,3176
4260,539
4261,485
4262,673
4263,2987
4264,151
4265,2398
4266,2701
4267,910
4268,505
4269,2642
4270,3593
4271,2468
4272,3593
4273,586
4274,2006
4275,457
4276,1029
4277,2675
4278,2722
4279,441
4280,2987
4281,1088
4282,3804
4283,2795
4284,1591
4285,2498
4286,2001
4287,3768
4288,1380
4289,2119
4290,1676
4291,2034
4292,2572
4293,1234
4294,1438
4295,1541
4296,3760
4297,3175
4298,2365
4299,736
4300,1240
4301,1242
4302,1909
4303,3732
4304,3006
4305,1777
4306,1438
4307,2959
4308,1824
4309,3826
4310,3785
4311,1617
4312,1267
4313,1247
4314,2692
4315,2571
4316,457
4317,1204
4318,1214
4319,2352
4320,464
4321,2716
4322,3510
4323,231
4324,1294
4325,785
4326,1747
4327,3827
4328,2346
4329,432
4330,2028
4331,3578
4332,1729
4333,2498
4334,3758
4335,2339
4336,2
4337,3273
4338,3565
4339,2568
4340,1089
4341,3555
4342,2706
4343,2891
4344,3313
4345,144
4346,3177
4347,3247
4348,1162
4349,904
4350,3706
4351,2722
4352,3928
4353,3513
4354,923
4355,1591
4356,1089
4357,1093
4358,2517
4359,1343
4360,54
4361,3751
4362,290
4363,457
4364,2992
4365,3809
4366,1215
4367,1394
4368,1645
4369,1240
4370,1777
4371,2987
4372,2883
4373,2633
4374,2406
4375,185
4376,2640
4377,1772
4378,1674
4379,2136
4380,3176
4381,3318
4382,2959
4383,3844
4384,3752
4385,3865
4386,1023
4387,3397
4388,459
4389,3841
4390,1817
4391,3578
4392,2997
4393,318
4394,2759
4395,1704
4396,3552
4397,1732
4398,318
4399,569
4400,2724
4401,2366
4402,2268
4403,1095
4404,3355
4405,2728
4406,3735
4407,2169
4408,3262
4409,1784
4410,1235
4411,3197
4412,2720
4413,3384
4414,2491
4415,1544
4416,2478
4417,3176
4418,2883
4419,2355
4420,1248
4421,3718
4422,3386
4423,1224
4424,1374
4425,2504
4426,2109
4427,1641
4428,2718
4429,3598
4430,294
4431,1997
4432,3897
4433,432
4434,3649
4435,3535
4436,1590
4437,1625
4438,1693
4439,2763
4440,2401
4441,380
4442,1951
4443,707
4444,480
4445,3709
4446,479
4447,2730
4448,2053
4449,3952
4450,1073
4451,1266
4452,141
4453,1748
4454,426
4455,3755
4456,1035
4457,1732
4458,3869
4459,357
4460,223
4461,60
4462,2959
4463,1719
4464,2300
4465,2542
4466,3671
4467,2469
4468,2324
4469,2080
4470,317
4471,3751
4472,3285
4473,2043
4474,2027
4475,546
4476,3701
4477,3360
4478,1240
4479,897
4480,3101
4481,3177
4482,3176
4483,2629
4484,2947
4485,329
4486,2521
4487,2763
4488,2749
4489,1499
4490,3769
4491,546
4492,3746
4493,3061
4494,1046
4495,2959
4496,3949
4497,1099
4498,3948
4499,2118
4500,3317
4501,2858
4502,3704
4503,2959
4504,780
4505,1007
4506,3753
4507,2492
4508,325
4509,1291
4510,2720
4511,2781
4512,3176
4513,1034
4514,3265
4515,457
4516,1729
4517,1059
4518,661
4519,3741
4520,2122
4521,3362
4522,3354
4523,3513
4524,3421
4525,2890
4526,1300
4527,1397
4528,1721
4529,1327
4530,1393
4531,3000
4532,1645
4533,2561
4534,1370
4535,507
4536,3623
4537,2291
4538,2324
4539,762
4540,2746
4541,3578
4542,1303
4543,806
4544,969
4545,2006
4546,2791
4547,3578
4548,2772
4549,2516
4550,2672
4551,3089
4552,3702
4553,161
4554,1097
4555,3299
4556,1682
4557,1078
4558,356
4559,3072
4560,1722
4561,1027
4562,1073
4563,3534
4564,1225
4565,1197
4566,517
4567,1175
4568,553
4569,1616
4570,1374
4571,1732
4572,3034
4573,1152
4574,745
4575,1067
4576,1688
4577,1702
4578,851
4579,2542
4580,3147
4581,950
4582,1354
4583,356
4584,2731
4585,1073
4586,3358
4587,474
4588,1672
4589,1080
4590,1089
4591,36
4592,1270
4593,991
4594,1183
4595,1358
4596,1028
4597,86
4598,911
4599,1296
4600,2580
4601,2706
4602,2155
4603,1552
4604,2409
4605,517
4606,344
4607,203
4608,1196
4609,674
4610,2395
4611,1258
4612,1621
4613,457
4614,2076
4615,1644
4616,2025
4617,2338
4618,2012
4619,1600
4620,2693
4621,1056
4622,1194
4623,2763
4624,314
4625,2288
4626,3396
4627,1203
4628,2762
4629,2987
4630,3246
4631,2921
4632,3740
4633,2761
4634,1931
4635,1248
4636,2587
4637,62
4638,589
4639,3039
4640,1393
4641,1784
4642,2804
4643,60
4644,2702
4645,1265
4646,25
4647,351
4648,1617
4649,3827
4650,1090
4651,3571
4652,2371
4653,3262
4654,509
4655,2696
4656,3328
4657,1224
4658,608
4659,1353
4660,3707
4661,2858
4662,2762
4663,3428
4664,3791
4665,3114
4666,1010
4667,541
4668,2011
4669,913
4670,3751
4671,1385
4672,2959
4673,3879
4674,1429
4675,5
4676,3859
4677,2302
4678,2701
4679,3186
4680,2656
4681,529
4682,1616
4683,1562
4684,2973
4685,1179
4686,1206
4687,3155
4688,194
4689,3623
4690,2694
4691,3801
4692,3281
4693,1090
4694,3175
4695,539
4696,3157
4697,2907
4698,2628
4699,356
4700,541
4701,1235
4702,2908
4703,2702
4704,3827
4705,3725
4706,2028
4707,1265
4708,3578
4709,2312
4710,495
4711,1275
4712,1012
4713,1735
4714,3363
4715,2038
4716,1230
4717,1380
4718,1967
4719,464
4720,3791
4721,2701
4722,1240
4723,1374
4724,1179
4725,1993
4726,3711
4727,3951
4728,3468
4729,3649
4730,3810
4731,497
4732,1378
4733,1748
4734,2396
4735,695
4736,2699
4737,1958
4738,2914
4739,2336
4740,539
4741,296
4742,2329
4743,1203
4744,2340
4745,2883
4746,2054
4747,1183
4748,3948
4749,2861
4750,2581
4751,3952
4752,2941
4753,1293
4754,3261
4755,2987
4756,3125
4757,1247
4758,529
4759,3809
4760,2002
4761,1222
4762,300
4763,2544
4764,3114
4765,107
4766,3113
4767,3287
4768,3083
4769,541
4770,1240
4771,2964
4772,942
4773,2792
4774,2505
4775,2979
4776,480
4777,1375
4778,597
4779,3798
4780,3176
4781,1784
4782,3267
4783,786
4784,3712
4785,1225
4786,2354
4787,3481
4788,1731
4789,2997
4790,337
4791,3362
4792,956
4793,253
4794,3088
4795,3006
4796,1046
4797,2694
4798,3113
4799,3450
4800,1088
4801,246
4802,2019
4803,3114
4804,3738
4805,2076
4806,2701
4807,1036
4808,3602
4809,3720
4810,3598
4811,750
4812,1627
4813,3752
4814,2253
4815,2572
4816,456
4817,508
4818,2987
4819,2862
4820,2792
4821,3362
4822,2973
4823,1204
4824,593
4825,3578
4826,2908
4827,2687
4828,788
4829,309
4830,1132
4831,2739
4832,3301
4833,2987
4834,223
4835,1092
4836,2707
4837,1646
4838,3259
4839,2977
4840,367
4841,3683
4842,3747
4843,1177
4844,34
4845,1207
4846,2858
4847,2289
4848,2288
4849,3391
4850,2407
4851,3753
4852,1186
4853,2791
4854,3714
4855,700
4856,2700
4857,2353
4858,3317
4859,1028
4860,2247
4861,2356
4862,3703
4863,500
4864,2291
4865,1948
4866,19
4867,3729
4868,2377
4869,3481
4870,1094
4871,3452
4872,5
4873,3134
4874,3735
4875,2284
4876,497
4877,3615
4878,2324
4879,1031
4880,3548
4881,2762
4882,3512
4883,2622
4884,416
4885,1085
4886,1371
4887,1278
4888,1079
4889,2269
4890,515
4891,3751
4892,3464
4893,3578
4894,593
4895,2890
4896,3570
4897,748
4898,745
4899,2779
4900,2996
4901,2019
4902,2628
4903,3186
4904,1035
4905,1358
4906,1687
4907,1094
4908,1079
4909,2926
4910,2628
4911,3753
4912,2996
4913,306
4914,2671
4915,3770
4916,2723
4917,1732
4918,1617
4919,1259
4920,260
4921,161
4922,2959
4923,2712
4924,111
4925,708
4926,1835
4927,2826
4928,3724
4929,2660
4930,2398
4931,2987
4932,441
4933,1188
4934,1393
4935,2761
4936,3408
4937,3317
4938,2987
4939,3317
4940,592
4941,2028
4942,1084
4943,924
4944,1077
4945,1084
4946,1007
4947,1036
4948,760
4949,3556
4950,1283
4951,3911
4952,144
4953,1616
4954,2396
4955,1951
4956,3176
4957,2380
4958,1924
4959,2628
4960,2987
4961,3791
4962,1198
4963,3262
4964,2478
4965,3511
4966,3755
4967,3408
4968,1248
4969,2019
4970,1619
4971,2174
4972,2759
4973,3456
4974,2182
4975,3504
4976,3489
4977,1285
4978,3160
4979,2631
4980,3617
4981,1767
4982,1060
4983,2017
4984,2417
4985,3274
4986,1748
4987,3274
4988,300
4989,2973
4990,1914
4991,3735
4992,1073
4993,150
4994,3529
4995,471
4996,1466
4997,39
4998,2959
4999,3552
5000,2034
5001,3404
5002,3703
5003,377
5004,2671
5005,418
5006,3599
5007,2997
5008,2013
5009,3693
5010,2669
5011,1205
5012,1304
5013,1927
5014,3488
5015,1230
5016,1531
5017,1173
5018,2396
5019,945
5020,2389
5021,356
5022,2797
5023,161
5024,2240
5025,3152
5026,3591
5027,2762
5028,1028
5029,852
5030,2762
5031,2391
5032,357
5033,1086
5034,1234
5035,2380
5036,2987
5037,2096
5038,2303
5039,1500
5040,737
5041,1358
5042,2716
5043,3269
5044,2329
5045,1259
5046,2927
5047,303
5048,531
5049,1589
5050,3299
5051,2439
5052,3147
5053,1845
5054,1416
5055,597
5056,539
5057,1304
5058,2875
5059,540
5060,2174
5061,1097
5062,2861
5063,2724
5064,2362
5065,1375
5066,2965
5067,2300
5068,3731
5069,1783
5070,1954
5071,720
5072,3608
5073,2861
5074,2440
5075,2009
5076,903
5077,3728
5078,1078
5079,3578
5080,3156
5081,3185
5082,1237
5083,2580
5084,65
5085,2099
5086,2617
5087,3952
5088,1301
5089,2692
5090,1380
5091,3793
5092,3751
5093,2321
5094,318
5095,668
5096,21
5097,2329
5098,1269
5099,3624
5100,3188
5101,3738
5102,551
5103,1246
5104,110
5105,1271
5106,161
5107,1680
5108,534
5109,2081
5110,3545
5111,2025
5112,733
5113,2269
5114,455
5115,1358
5116,2324
5117,2763
5118,2268
5119,1641
5120,1959
5121,1681
5122,1917
5123,835
5124,3095
5125,3307
5126,225
5127,2858
5128,3682
5129,1358
5130,1283
5131,2371
5132,1299
5133,1747
5134,1104
5135,780
5136,2046
5137,2355
5138,2826
5139,1183
5140,3247
5141,173
5142,1875
5143,3515
5144,587
5145,3081
5146,3872
5147,1089
5148,3052
5149,3624
5150,3358
5151,3453
5152,2262
5153,3436
5154,3623
5155,780
5156,1292
5157,1234
5158,3753
5159,3717
5160,2145
5161,551
5162,2762
5163,1090
5164,1090
5165,2324
5166,3088
5167,748
5168,357
5169,3552
5170,1682
5171,3766
5172,2926
5173,231
5174,3118
5175,3186
5176,1580
5177,2395
5178,2136
5179,733
5180,2321
5181,296
5182,2081
5183,3893
5184,3948
5185,63
5186,3156
5187,1077
5188,364
5189,3671
5190,2770
5191,1198
5192,2763
5193,1210
5194,3698
5195,541
5196,307
5197,2182
5198,3793
5199,3499
5200,1374
5201,110
5202,368
5203,2396
5204,2004
5205,3916
5206,3623
5207,3685
5208,3181
5209,170
5210,1270
5211,3763
5212,1213
5213,454
5214,593
5215,1207
5216,223
5217,551
5218,3439
5219,2431
5220,2513
5221,2311
5222,377
5223,3127
5224,2987
5225,2389
5226,1377
5227,2278
5228,3147
5229,2628
5230,196
5231,527
5232,1175
5233,3169
5234,3793
5235,3703
5236,1090
5237,3624
5238,3675
5239,3819
5240,417
5241,1396
5242,3481
5243,1676
5244,3269
5245,3649
5246,1747
5247,3477
5248,2558
5249,2763
5250,1394
5251,2626
5252,1247
5253,1374
5254,3263
5255,965
5256,3763
5257,2657
5258,1788
5259,3203
5260,2951
5261,2858
5262,2628
5263,1224
5264,1260
5265,1393
5266,2391
5267,2291
5268,444
5269,800
5270,1653
5271,3328
5272,3396
5273,1946
5274,1259
5275,137
5276,1343
5277,3198
5278,3160
5279,3512
5280,2712
5281,3703
5282,333
5283,2478
5284,996
5285,1772
5286,2028
5287,231
5288,341
5289,3624
5290,1259
5291,529
5292,1251
5293,3039
5294,2729
5295,3649
5296,1394
5297,457
5298,1544
5299,1130
5300,1228
5301,2640
5302,2687
5303,1704
5304,3301
5305,3826
5306,3698
5307,546
5308,3623
5309,785
5310,1068
5311,1204
5312,3267
5313,3735
5314,3712
5315,3481
5316,3159
5317,2774
5318,3693
5319,2318
5320,48
5321,2431
5322,94
5323,3680
5324,3285
5325,2236
5326,345
5327,3793
5328,1345
5329,3035
5330,334
5331,910
5332,2617
5333,1621
5334,3624
5335,1278
5336,2023
5337,2141
5338,1037
5339,589
5340,3288
5341,3391
5342,207
5343,1029
5344,2725
5345,236
5346,1064
5347,3325
5348,1330
5349,2712
5350,2021
5351,2
5352,1265
5353,2763
5354,3256
5355,161
5356,1345
5357,2976
5358,1291
5359,1953
5360,3697
5361,1026
5362,2966
5363,1287
5364,2396
5365,70
5366,1527
5367,1939
5368,373
5369,1097
5370,2841
5371,2529
5372,3317
5373,2791
5374,1959
5375,2355
5376,2972
5377,608
5378,3735
5379,3623
5380,3174
5381,2791
5382,3893
5383,750
5384,551
5385,2000
5386,2701
5387,1916
5388,2353
5389,2763
5390,2918
5391,3649
5392,539
5393,2168
5394,3262
5395,3326
5396,2613
5397,3504
5398,3238
5399,3157
5400,3535
5401,2622
5402,3578
5403,173
5404,1396
5405,910
5406,1694
5407,2943
5408,1333
5409,3113
5410,2676
5411,3723
5412,2763
5413,3267
5414,1394
5415,3785
5416,608
5417,2366
5418,1266
5419,1732
5420,2566
5421,2795
5422,186
5423,2739
5424,232
5425,1206
5426,3827
5427,3618
5428,3879
5429,1357
5430,3512
5431,1446
5432,3255
5433,3793
5434,1086
5435,780
5436,2023
5437,1584
5438,2942
5439,3734
5440,1923
5441,2951
5442,1834
5443,276
5444,2987
5445,3366
5446,1953
5447,3675
5448,1207
5449,1801
5450,2132
5451,2384
5452,190
5453,913
5454,2970
5455,1606
5456,1394
5457,3868
5458,2273
5459,2714
5460,1258
5461,141
5462,2720
5463,1032
5464,2355
5465,2396
5466,3452
5467,1379
5468,2253
5469,3448
5470,1073
5471,2542
5472,2054
5473,1197
5474,2700
5475,2770
5476,541
5477,3512
5478,1722
5479,1190
5480,1772
5481,3354
5482,3614
5483,3735
5484,3895
5485,1320
5486,47
5487,1682
5488,1682
5489,322
5490,427
5491,3752
5492,473
5493,3886
5494,1235
5495,2702
5496,2805
5497,2006
5498,223
5499,852
5500,824
5501,2029
5502,3238
5503,1916
5504,1927
5505,1608
5506,3270
5507,2759
5508,1073
5509,2706
5510,1517
5511,3543
5512,2953
5513,1959
5514,2907
5515,858
5516,2273
5517,1096
5518,3751
5519,2640
5520,2393
5521,3826
5522,3901
5523,2401
5524,2694
5525,1271
5526,1096
5527,1672
5528,1276
5529,3578
5530,597
5531,504
5532,1381
5533,2028
5534,2041
5535,2396
5536,224
5537,162
5538,2468
5539,1927
5540,2670
5541,541
5542,3367
5543,3608
5544,3578
5545,265
5546,3576
5547,1421
5548,2599
5549,3247
5550,2294
5551,2389
5552,3385
5553,3157
5554,2167
5555,1639
5556,1191
5557,3471
5558,2797
5559,1357
5560,1500
5561,223
5562,2908
5563,1097
5564,3614
5565,1513
5566,2330
5567,1008
5568,608
5569,2176
5570,2664
5571,1387
5572,912
5573,1094
5574,1686
5575,2987
5576,3051
5577,3699
5578,3082
5579,1911
5580,346
5581,2353
5582,946
5583,2763
5584,2781
5585,3481
5586,150
5587,337
5588,265
5589,3706
5590,2289
5591,3535
5592,1272
5593,2763
5594,3902
5595,1270
5596,2710
5597,3600
5598,3821
5599,998
5600,588
5601,1361
5602,3624
5603,2290
5604,1061
5605,491
5606,318
5607,3263
5608,1719
5609,750
5610,1094
5611,1387
5612,2877
5613,778
5614,2622
5615,2020
5616,3366
5617,2012
5618,2005
5619,2017
5620,3510
5621,2403
5622,2173
5623,3578
5624,1089
5625,3578
5626,3768
5627,1125
5628,1387
5629,3742
5630,3247
5631,2360
5632,2336
5633,1287
5634,2987
5635,1527
5636,2579
5637,1197
5638,2950
5639,2599
5640,2907
5641,2762
5642,2089
5643,3703
5644,892
5645,18
5646,1291
5647,3359
5648,2961
5649,1378
5650,908
5651,69
5652,2188
5653,3827
5654,180
5655,3554
5656,3503
5657,543
5658,2389
5659,1422
5660,2021
5661,1029
5662,2683
5663,3006
5664,2599
5665,2763
5666,25
5667,3791
5668,3408
5669,2470
5670,3624
5671,708
5672,3005
5673,3608
5674,25
5675,2998
5676,344
5677,165
5678,903
5679,1754
5680,1092
5681,2976
5682,2128
5683,381
5684,551
5685,2337
5686,1339
5687,1562
5688,1747
5689,1242
5690,1704
5691,2424
5692,2491
5693,1225
5694,2987
5695,2009
5696,3638
5697,3082
5698,1590
5699,543
5700,1343
5701,2944
5702,783
5703,2649
5704,954
5705,2683
5706,539
5707,2297
5708,2117
5709,471
5710,1653
5711,1556
5712,1676
5713,1784
5714,2906
5715,1304
5716,2437
5717,1274
5718,662
5719,3565
5720,1920
5721,3350
5722,1293
5723,3740
5724,3300
5725,3113
5726,1090
5727,2763
5728,2380
5729,2338
5730,47
5731,1370
5732,497
5733,1356
5734,3253
5735,3359
5736,1028
5737,1893
5738,1952
5739,3515
5740,1375
5741,1302
5742,2565
5743,1198
5744,2051
5745,788
5746,508
5747,528
5748,3147
5749,3741
5750,2186
5751,1015
5752,2357
5753,3175
5754,2762
5755,522
5756,1947
5757,1370
5758,1610
5759,141
5760,562
5761,3905
5762,2150
5763,2459
5764,2943
5765,3018
5766,3578
5767,3717
5768,302
5769,2882
5770,2112
5771,3624
5772,3354
5773,2997
5774,541
5775,1252
5776,356
5777,593
5778,1676
5779,528
5780,3113
5781,3555
5782,3408
5783,1353
5784,2762
5785,1097
5786,3481
5787,3096
5788,2300
5789,2474
5790,1955
5791,543
5792,2600
5793,2728
5794,2953
5795,3706
5796,3387
5797,1371
5798,858
5799,1631
5800,2987
5801,160
5802,741
5803,1500
5804,2067
5805,3578
5806,2757
5807,1719
5808,2791
5809,356
5810,2712
5811,589
5812,2524
5813,1921
5814,1387
5815,377
5816,1092
5817,2881
5818,541
5819,3256
5820,1259
5821,3617
5822,1943
5823,2762
5824,88
5825,1244
5826,2139
5827,2291
5828,2976
5829,1210
5830,3363
5831,2974
5832,1374
5833,903
5834,2692
5835,1097
5836,2889
5837,3624
5838,2390
5839,1631
5840,266
5841,278
5842,493
5843,356
5844,2770
5845,1274
5846,3418
5847,586
5848,2012
5849,3155
5850,1387
5851,116
5852,1994
5853,2710
5854,2878
5855,2987
5856,2987
5857,551
5858,1527
5859,3408
5860,2001
5861,1077
5862,1588
5863,2628
5864,2628
5865,17
5866,3476
5867,2333
5868,3408
5869,247
5870,2012
5871,3753
5872,3826
5873,2353
5874,3948
5875,586
5876,1196
5877,2987
5878,1967
5879,2353
5880,3911
5881,3555
5882,2640
5883,2763
5884,2009
5885,1617
5886,3831
5887,2137
5888,1212
5889,1066
5890,3755
5891,3114
5892,1653
5893,3046
5894,1193
5895,707
5896,3535
5897,2759
5898,2599
5899,3551
5900,2639
5901,1610
5902,1240
5903,1625
5904,2124
5905,2021
5906,928
5907,1304
5908,368
5909,2003
5910,85
5911,39
5912,1092
5913,497
5914,2683
5915,3578
5916,376
5917,1079
5918,1219
5919,2700
5920,1962
5921,590
5922,1227
5923,3147
5924,1234
5925,1230
5926,2427
5927,3618
5928,3370
5929,3096
5930,2881
5931,457
5932,21
5933,2701
5934,904
5935,2567
5936,1225
5937,1924
5938,3859
5939,3481
5940,3113
5941,3307
5942,103
5943,161
5944,1307
5945,2730
5946,1960
5947,841
5948,3098
5949,3858
5950,1262
5951,1784
5952,2102
5953,1193
5954,2565
5955,3557
5956,469
5957,2997
5958,3072
5959,2357
5960,2975
5961,640
5962,608
5963,1421
5964,1882
5965,1093
5966,497
5967,3113
5968,1291
5969,3156
5970,1831
5971,10
5972,1086
5973,780
5974,1943
5975,2115
5976,1959
5977,3588
5978,2294
5979,3033
5980,1333
5981,2616
5982,3494
5983,1375
5984,1376
5985,3185
5986,539
5987,2160
5988,1713
5989,2907
5990,3176
5991,2273
5992,2424
5993,1220
5994,2763
5995,3909
5996,3882
5997,2021
5998,351
5999,1344
6000,3751
6001,132
6002,101
6003,2959
6004,2840
6005,1329
6006,3462
6007,1882
6008,2001
6009,1479
6010,1589
6011,3615
6012,2704
6013,509
6014,1711
6015,1288
6016,3763
6017,2906
6018,185
6019,2153
6020,1291
6021,2613
6022,1097
6023,81
6024,11
6025,539
6026,527
6027,1644
6028,3000
6029,2628
6030,3439
6031,364
6032,2087
6033,1580
6034,2987
6035,2152
6036,737
6037,435
6038,1183
6039,1254
6040,1221
